Dấu thời gian,Bạn thường ăn Jollibee bao nhiêu lần ? ,Khi nhắc đến Jollibee bạn thường nghĩ tới món gì hoặc món bạn hay gọi nhất ? ,Có món nào của jollibee bạn đã từng ăn và không bao giờ ăn lại không ?,"Theo bạn Jollibee ăn ""ăn đứt"" những đối thủ khác ở điểm nào ? ",Điều gì khiến bạn e ngại nhất khi ăn jollibee ,"Theo bạn, Jollibee còn thua kém những đối thủ ở những điểm nào ? ","Theo bạn, nếu được chấm theo thang bên dưới thì nhân viên bên mình thuộc mốc nào ?"
27/03/2026 15:18:28,chỉ ăn vào những ngày lễ,Gà,không,có nhiều sự lựa chọn,Hết voucher hấp dẫn,không có điểm nào để chê,Hài lòng
27/03/2026 15:30:50,Tôi yêu jollibee,Gà,không,Giá thành rẻ,Hết voucher hấp dẫn,không có điểm nào để chê,bình thường
27/03/2026 15:34:31,1 lần/ tháng.,Gà,không,Giá thành rẻ,Đợi món lâu,còn nhiều điểm cần phải thay đổi,bình thường
27/03/2026 15:44:19,1 lần/ tháng.,gà sốt cay,,có nhiều sự lựa chọn,Hết bàn,không có điểm nào để chê,Hài lòng
27/03/2026 15:48:11,nhiều lần/ tháng.,Gà,không,Mì ý ngon,Đợi món lâu,còn nhiều điểm cần phải thay đổi,tạm tạm
27/03/2026 15:57:06,chưa từng ăn.,kem,không,không có điểm nào,Đợi món lâu,,Hài lòng
27/03/2026 16:06:32,chưa từng ăn.,Gà,không,không gian hợp cho trẻ em,Hết voucher hấp dẫn,còn nhiều điểm cần phải thay đổi,bình thường
27/03/2026 16:12:57,1 lần/ tháng.,Gà,không,Mì ý ngon,Không có ngại j hết,không có điểm nào để chê,Rất hài lòng
27/03/2026 16:36:30,Mọi lúc mọi mơi,Gà,không,,Hết voucher hấp dẫn,không có điểm nào để chê,bình thường
27/03/2026 16:42:10,1 lần/ tháng.,Gà,không,Mì ý ngon,Hết bàn,không có điểm nào để chê,Rất hài lòng
27/03/2026 17:00:46,chưa từng ăn.,gà sốt cay,không,không có điểm nào,Hết voucher hấp dẫn,còn nhiều điểm cần phải thay đổi,rất không hài lòng
27/03/2026 17:47:55,chỉ ăn vào những ngày lễ,mì ý,không,Giá thành rẻ,Hết voucher hấp dẫn,còn nhiều điểm cần phải thay đổi,bình thường
27/03/2026 17:57:31,chỉ ăn vào những ngày lễ,gà sốt cay,không,có nhiều sự lựa chọn,Hết bàn,không có điểm nào để chê,Hài lòng
27/03/2026 21:24:37,1 lần/ tuần.,mì ý,không,có nhiều sự lựa chọn,Hết bàn,không có điểm nào để chê,Rất hài lòng
27/03/2026 23:32:59,1 lần/ tuần.,mì ý,không,Mì ý ngon,Hết bàn,không có điểm nào để chê,Hài lòng